<?xml version="1.0" encoding="UTF-8"?>
<!-- Generated by eXe - http://exelearning.net -->
<manifest identifier="eXeesupuestos65f96cbc28e61aef4a1" xmlns="http://www.imsproject.org/xsd/imscp_rootv1p1p2" xmlns:adlcp="http://www.adlnet.org/xsd/adlcp_rootv1p2" xmlns:imsmd="http://www.imsglobal.org/xsd/imsmd_v1p2" xmlns:xsi="http://www.w3.org/2001/XMLSchema-instance" xsi:schemaLocation="http://www.imsproject.org/xsd/imscp_rootv1p1p2 imscp_rootv1p1p2.xsd http://www.imsglobal.org/xsd/imsmd_rootv1p2p1 imsmd_rootv1p2p1.xsd http://www.adlnet.org/xsd/adlcp_rootv1p2 adlcp_rootv1p2.xsd" > 
<metadata> 
 <schema>ADL SCORM</schema> 
 <schemaversion>1.2</schemaversion> 
 <adlcp:location>imslrm.xml</adlcp:location> 
</metadata> 
<organizations default="eXeesupuestos65f96cbc28e61aef4a2">  
    <organization identifier="eXeesupuestos65f96cbc28e61aef4a2" structure="hierarchical">
        <title>Materia Presupuesto</title>
<item identifier="ITEM-eXeesupuestos65f96cbc28e61aef4a3" isvisible="true" identifierref="RES-eXeesupuestos65f96cbc28e61aef4a4">
    <title>Materia Presupuesto</title>
<item identifier="ITEM-eXeesupuestos65f96cbc28e61aef4b5" isvisible="true" identifierref="RES-eXeesupuestos65f96cbc28e61aef4b6">
    <title>1 Generalidades de los presupuestos</title>
<item identifier="ITEM-eXeesupuestos65f96cbc28e61aef4d7" isvisible="true" identifierref="RES-eXeesupuestos65f96cbc28e61aef4d8">
    <title>Objetivos del presupuesto</title>
</item>
<item identifier="ITEM-eXeesupuestos65f96cbc28e61aef4d9" isvisible="true" identifierref="RES-eXeesupuestos65f96cbc28e61aef4da">
    <title>Requisitos para un buen presupuesto</title>
<item identifier="ITEM-eXeesupuestos65f96cbc28e61aef51b" isvisible="true" identifierref="RES-eXeesupuestos65f96cbc28e61aef51c">
    <title>Principios del presupuesto</title>
</item>
</item>
<item identifier="ITEM-eXeesupuestos65f96cbc28e61aef52d" isvisible="true" identifierref="RES-eXeesupuestos65f96cbc28e61aef52e">
    <title>Características del presupuesto</title>
</item>
<item identifier="ITEM-eXeesupuestos65f96cbc28e61aef53f" isvisible="true" identifierref="RES-eXeesupuestos65f96cbc28e61aef5310">
    <title>Clasificación de los presupuestos</title>
</item>
<item identifier="ITEM-eXeesupuestos65f96cbc28e61aef5f11" isvisible="true" identifierref="RES-eXeesupuestos65f96cbc28e61aef5f12">
    <title>Ventajas y Desventajas</title>
</item>
<item identifier="ITEM-eXeesupuestos65f96cbc28e61aef6013" isvisible="true" identifierref="RES-eXeesupuestos65f96cbc28e61aef6014">
    <title>Limitaciones</title>
</item>
<item identifier="ITEM-eXeesupuestos65f96cbc28e61aef6015" isvisible="true" identifierref="RES-eXeesupuestos65f96cbc28e61aef6016">
    <title>Modelo de planeación estratégica</title>
</item>
</item>
</item>
  </organization>
</organizations>
<resources>
  <resource identifier="RES-eXeesupuestos65f96cbc28e61aef4a4" type="webcontent" adlcp:scormtype="sco" href="index.html"> 
    <file href="index.html"/> 
    <file href="exe_html5.js"/>
    <dependency identifierref="COMMON_FILES"/>
  </resource>
  <resource identifier="RES-eXeesupuestos65f96cbc28e61aef4b6" type="webcontent" adlcp:scormtype="sco" href="1_generalidades_de_los_presupuestos.html"> 
    <file href="1_generalidades_de_los_presupuestos.html"/> 
    <file href="exe_html5.js"/>
    <dependency identifierref="COMMON_FILES"/>
  </resource>
  <resource identifier="RES-eXeesupuestos65f96cbc28e61aef4d8" type="webcontent" adlcp:scormtype="sco" href="objetivos_del_presupuesto.html"> 
    <file href="objetivos_del_presupuesto.html"/> 
    <file href="exe_html5.js"/>
    <file href="map_1666629640445.png"/>
    <file href="imagen.png"/>
    <dependency identifierref="COMMON_FILES"/>
  </resource>
  <resource identifier="RES-eXeesupuestos65f96cbc28e61aef4da" type="webcontent" adlcp:scormtype="sco" href="requisitos_para_un_buen_presupuesto.html"> 
    <file href="requisitos_para_un_buen_presupuesto.html"/> 
    <file href="exe_html5.js"/>
    <file href="common.js"/>
    <dependency identifierref="COMMON_FILES"/>
  </resource>
  <resource identifier="RES-eXeesupuestos65f96cbc28e61aef51c" type="webcontent" adlcp:scormtype="sco" href="principios_del_presupuesto.html"> 
    <file href="principios_del_presupuesto.html"/> 
    <file href="exe_html5.js"/>
    <file href="exequextaudio.png"/>
    <file href="exequextcursor.gif"/>
    <file href="exequextfirstr.png"/>
    <file href="exequextfull.png"/>
    <file href="exequexthits.png"/>
    <file href="exequextlastr.png"/>
    <file href="exequextlive.png"/>
    <file href="exequextlost.png"/>
    <file href="exequextmin.png"/>
    <file href="exequextmoveon.png"/>
    <file href="exequextnextr.png"/>
    <file href="exequextnormal.png"/>
    <file href="exequextnumber.png"/>
    <file href="exequextone.png"/>
    <file href="exequextpause.png"/>
    <file href="exequextplayvideo.png"/>
    <file href="exequextpreviousr.png"/>
    <file href="exequextreload.png"/>
    <file href="exequextreply.png"/>
    <file href="exequextrerrors.png"/>
    <file href="exequextroscomin.png"/>
    <file href="exequextscore.png"/>
    <file href="exequextsq.png"/>
    <file href="exequexttime.png"/>
    <file href="exequexttwo.png"/>
    <file href="exequextvideo.png"/>
    <file href="exequextwon.png"/>
    <file href="gameqp-activity.css"/>
    <file href="selecciona-activity.js"/>
    <file href="seleccionaHome.png"/>
    <file href="seleccionaIcon.png"/>
    <dependency identifierref="COMMON_FILES"/>
  </resource>
  <resource identifier="RES-eXeesupuestos65f96cbc28e61aef52e" type="webcontent" adlcp:scormtype="sco" href="caractersticas_del_presupuesto.html"> 
    <file href="caractersticas_del_presupuesto.html"/> 
    <file href="exe_html5.js"/>
    <dependency identifierref="COMMON_FILES"/>
  </resource>
  <resource identifier="RES-eXeesupuestos65f96cbc28e61aef5310" type="webcontent" adlcp:scormtype="sco" href="clasificacin_de_los_presupuestos.html"> 
    <file href="clasificacin_de_los_presupuestos.html"/> 
    <file href="exe_html5.js"/>
    <dependency identifierref="COMMON_FILES"/>
  </resource>
  <resource identifier="RES-eXeesupuestos65f96cbc28e61aef5f12" type="webcontent" adlcp:scormtype="sco" href="ventajas_y_desventajas.html"> 
    <file href="ventajas_y_desventajas.html"/> 
    <file href="exe_html5.js"/>
    <dependency identifierref="COMMON_FILES"/>
  </resource>
  <resource identifier="RES-eXeesupuestos65f96cbc28e61aef6014" type="webcontent" adlcp:scormtype="sco" href="limitaciones.html"> 
    <file href="limitaciones.html"/> 
    <file href="exe_html5.js"/>
    <dependency identifierref="COMMON_FILES"/>
  </resource>
  <resource identifier="RES-eXeesupuestos65f96cbc28e61aef6016" type="webcontent" adlcp:scormtype="sco" href="modelo_de_planeacin_estratgica.html"> 
    <file href="modelo_de_planeacin_estratgica.html"/> 
    <file href="exe_html5.js"/>
    <file href="exequextaudio.png"/>
    <file href="exequextcursor.gif"/>
    <file href="exequextfirstr.png"/>
    <file href="exequextfull.png"/>
    <file href="exequexthits.png"/>
    <file href="exequextlastr.png"/>
    <file href="exequextlive.png"/>
    <file href="exequextlost.png"/>
    <file href="exequextmin.png"/>
    <file href="exequextmoveon.png"/>
    <file href="exequextnextr.png"/>
    <file href="exequextnormal.png"/>
    <file href="exequextnumber.png"/>
    <file href="exequextone.png"/>
    <file href="exequextpause.png"/>
    <file href="exequextplayvideo.png"/>
    <file href="exequextpreviousr.png"/>
    <file href="exequextreload.png"/>
    <file href="exequextreply.png"/>
    <file href="exequextrerrors.png"/>
    <file href="exequextroscomin.png"/>
    <file href="exequextscore.png"/>
    <file href="exequextsq.png"/>
    <file href="exequexttime.png"/>
    <file href="exequexttwo.png"/>
    <file href="exequextvideo.png"/>
    <file href="exequextwon.png"/>
    <file href="gameqp-activity.css"/>
    <file href="selecciona-activity.js"/>
    <file href="seleccionaHome.png"/>
    <file href="seleccionaIcon.png"/>
    <dependency identifierref="COMMON_FILES"/>
  </resource>
  <resource identifier="COMMON_FILES" type="webcontent" adlcp:scormtype="asset">
    <file href="config.xml"/>
    <file href="content.css"/>
    <file href="EncodeSans-Light_latin-ext.woff2"/>
    <file href="EncodeSans-Light_latin.woff2"/>
    <file href="EncodeSans-Light_vietnamese.woff2"/>
    <file href="icon_account.png"/>
    <file href="icon_account_black.png"/>
    <file href="icon_account_white.png"/>
    <file href="icon_alarm.png"/>
    <file href="icon_alarm_black.png"/>
    <file href="icon_alarm_white.png"/>
    <file href="icon_announcement.png"/>
    <file href="icon_announcement_black.png"/>
    <file href="icon_announcement_white.png"/>
    <file href="icon_assessment.png"/>
    <file href="icon_assessment_black.png"/>
    <file href="icon_assessment_white.png"/>
    <file href="icon_assignment.png"/>
    <file href="icon_assignment_black.png"/>
    <file href="icon_assignment_list.png"/>
    <file href="icon_assignment_list_black.png"/>
    <file href="icon_assignment_list_white.png"/>
    <file href="icon_assignment_white.png"/>
    <file href="icon_backup.png"/>
    <file href="icon_backup_black.png"/>
    <file href="icon_backup_white.png"/>
    <file href="icon_camera.png"/>
    <file href="icon_camera_black.png"/>
    <file href="icon_camera_white.png"/>
    <file href="icon_description.png"/>
    <file href="icon_description_black.png"/>
    <file href="icon_description_white.png"/>
    <file href="icon_download.png"/>
    <file href="icon_download_black.png"/>
    <file href="icon_download_white.png"/>
    <file href="icon_event.png"/>
    <file href="icon_event_black.png"/>
    <file href="icon_event_white.png"/>
    <file href="icon_exit.png"/>
    <file href="icon_exit_black.png"/>
    <file href="icon_exit_white.png"/>
    <file href="icon_explore.png"/>
    <file href="icon_explore_black.png"/>
    <file href="icon_explore_white.png"/>
    <file href="icon_info.png"/>
    <file href="icon_info_black.png"/>
    <file href="icon_info_white.png"/>
    <file href="icon_media.png"/>
    <file href="icon_media_black.png"/>
    <file href="icon_media_white.png"/>
    <file href="icon_note.png"/>
    <file href="icon_note_black.png"/>
    <file href="icon_note_white.png"/>
    <file href="icon_puzzle.png"/>
    <file href="icon_puzzle_black.png"/>
    <file href="icon_puzzle_white.png"/>
    <file href="icon_question.png"/>
    <file href="icon_question_black.png"/>
    <file href="icon_question_white.png"/>
    <file href="icon_renew.png"/>
    <file href="icon_renew_black.png"/>
    <file href="icon_renew_white.png"/>
    <file href="icon_search.png"/>
    <file href="icon_search_black.png"/>
    <file href="icon_search_white.png"/>
    <file href="icon_star.png"/>
    <file href="icon_star_black.png"/>
    <file href="icon_star_white.png"/>
    <file href="icon_unread.png"/>
    <file href="icon_unread_black.png"/>
    <file href="icon_unread_white.png"/>
    <file href="icon_wifi.png"/>
    <file href="icon_wifi_black.png"/>
    <file href="icon_wifi_white.png"/>
    <file href="nav.css"/>
    <file href="_style_icons.png"/>
    <file href="_style_icons_black.png"/>
    <file href="_style_icons_white.png"/>
    <file href="_style_input_checkbox.png"/>
    <file href="_style_input_radio.png"/>
    <file href="_style_js.js"/>
    <file href="_style_licenses.png"/>
    <file href="base.css"/>
    <file href="popup_bg.gif"/>
    <file href="exe_powered_logo.png"/>
    <file href="SCORM_API_wrapper.js"/>
    <file href="SCOFunctions.js"/>
    <file href="common.js"/>
    <file href="common_i18n.js"/>
    <file href="exe_jquery.js"/>
    <file href="content.xsd"/>
    <file href="content.data"/>
    <file href="contentv3.xml"/>
    <file href="imslrm.xml"/>
  </resource>
</resources>
</manifest>
